model,citizenship,position,n,positives,negatives,fpr,fnr,fpr_low,fpr_high,fnr_low,fnr_high
Logistic,Argentina,All,61,10,51,0.058823529411764705,0.5,0.020206272864052077,0.15924873938941972,0.23658959361548731,0.7634104063845126
Logistic,Brazil,All,103,21,82,0.06097560975609756,0.6666666666666666,0.02632356690332186,0.13492226262455276,0.45373075657210293,0.8280546356731631
Logistic,England,All,104,23,81,0.1111111111111111,0.5217391304347826,0.059566890075051324,0.19787285646438213,0.3296242986421849,0.7076313046005427
Logistic,France,All,142,31,111,0.06306306306306306,0.5161290322580645,0.03088026451475212,0.12447807253384349,0.34840118286973176,0.6803001396872117
Logistic,Germany,All,98,13,85,0.047058823529411764,0.8461538461538461,0.018449962264952775,0.11483894743500761,0.5776482949136899,0.9567427368172621
Logistic,Italy,All,80,10,70,0.07142857142857142,1.0,0.030893761510293508,0.1565561312330923,0.7224598312333834,1.0
Logistic,Netherlands,All,121,23,98,0.09183673469387756,0.8695652173913043,0.04906865909068409,0.16539772792601637,0.678721020269818,0.954624234856553
Logistic,Portugal,All,112,12,100,0.02,0.6666666666666666,0.005501852234968185,0.07001316294199365,0.3906175873976139,0.8618821601026385
Logistic,Russia,All,118,7,111,0.0,0.8571428571428571,-3.469446951953614e-18,0.03345129291127953,0.48686549668097007,0.9743210440510253
Logistic,Spain,All,190,27,163,0.024539877300613498,0.8518518518518519,0.009583366662591221,0.06139173786769379,0.6752093665317052,0.9408416814035512
Logistic,Türkiye,All,82,6,76,0.013157894736842105,1.0,0.002326420140567463,0.0708384462949749,0.6096569663469354,0.9999999999999999
Logistic,Brazil,Centre-Forward,33,12,21,0.14285714285714285,0.6666666666666666,0.04980921798213492,0.346364941492295,0.3906175873976139,0.8618821601026385
Logistic,England,Attacking Midfield,25,5,20,0.05,0.6,0.008881219432873136,0.23613589351256675,0.23071993220883708,0.8823817688407467
Logistic,England,Centre-Forward,32,11,21,0.23809523809523808,0.45454545454545453,0.10627856389112261,0.45091581972345923,0.21270957543988045,0.7199122443100118
Logistic,France,Centre-Forward,50,20,30,0.2,0.4,0.09504978102401235,0.37306047381027446,0.21880396741419272,0.613422057684794
Logistic,France,Right Winger,35,7,28,0.0,0.8571428571428571,0.0,0.12064720365810762,0.48686549668097007,0.9743210440510253
Logistic,Germany,Attacking Midfield,28,5,23,0.0,1.0,-1.3877787807814457e-17,0.14312112541726274,0.5655085052479191,1.0000000000000002
Logistic,Germany,Centre-Forward,40,6,34,0.11764705882352941,0.6666666666666666,0.04671370973436122,0.26621174796298774,0.29998832134152864,0.9032306674407831
Logistic,Italy,Centre-Forward,31,7,24,0.20833333333333334,1.0,0.0924468910478809,0.40470844485235474,0.6456611570247934,1.0
Logistic,Netherlands,Attacking Midfield,42,9,33,0.06060606060606061,1.0,0.016780530429070947,0.19606581717798194,0.7008472464490407,1.0
Logistic,Netherlands,Centre-Forward,41,10,31,0.22580645161290322,0.7,0.11394991594498799,0.3981276005869738,0.39677321997956516,0.892210712513788
Logistic,Russia,Centre-Forward,45,6,39,0.0,0.8333333333333334,0.0,0.08966985360023902,0.43649056343635395,0.9699474141282697
Logistic,Spain,Centre-Forward,55,19,36,0.1111111111111111,0.7894736842105263,0.04406568908741834,0.2531512901503632,0.5666528575973392,0.9149246150840843
Random Forest,Argentina,All,61,10,51,0.0392156862745098,0.5,0.010820856268751206,0.13216548986265267,0.23658959361548731,0.7634104063845126
Random Forest,Brazil,All,103,21,82,0.04878048780487805,0.6666666666666666,0.0191307559738843,0.11881634659643125,0.45373075657210293,0.8280546356731631
Random Forest,England,All,104,23,81,0.14814814814814814,0.5217391304347826,0.08682622816663449,0.24133354251190053,0.3296242986421849,0.7076313046005427
Random Forest,France,All,142,31,111,0.04504504504504504,0.5161290322580645,0.01939147410855501,0.10113627890080745,0.34840118286973176,0.6803001396872117
Random Forest,Germany,All,98,13,85,0.047058823529411764,0.6923076923076923,0.018449962264952775,0.11483894743500761,0.4236888781333764,0.8731950283838191
Random Forest,Italy,All,80,10,70,0.014285714285714285,1.0,0.0025261814032348645,0.07658369703926908,0.7224598312333834,1.0
Random Forest,Netherlands,All,121,23,98,0.08163265306122448,0.9565217391304348,0.04194355683633026,0.15288448985578768,0.7900841350594088,0.9922835330378734
Random Forest,Portugal,All,112,12,100,0.01,0.8333333333333334,0.0017673865655472645,0.0544875247609346,0.5519636426153274,0.9530358523851776
Random Forest,Russia,All,118,7,111,0.0,1.0,-3.469446951953614e-18,0.03345129291127953,0.6456611570247934,1.0
Random Forest,Spain,All,190,27,163,0.018404907975460124,0.9629629629629629,0.006278636985349233,0.05270904953887494,0.8171614606584348,0.9934320234669025
Random Forest,Türkiye,All,82,6,76,0.0,1.0,0.0,0.04811526823109757,0.6096569663469354,0.9999999999999999
Random Forest,Brazil,Centre-Forward,33,12,21,0.09523809523809523,0.6666666666666666,0.026518208796947246,0.2891458386074067,0.3906175873976139,0.8618821601026385
Random Forest,England,Attacking Midfield,25,5,20,0.15,0.6,0.05236779195949584,0.36042329588695743,0.23071993220883708,0.8823817688407467
Random Forest,England,Centre-Forward,32,11,21,0.23809523809523808,0.45454545454545453,0.10627856389112261,0.45091581972345923,0.21270957543988045,0.7199122443100118
Random Forest,France,Centre-Forward,50,20,30,0.13333333333333333,0.45,0.05309569424218104,0.2968168394441695,0.25819502085709295,0.6579179916924003
Random Forest,France,Right Winger,35,7,28,0.0,0.7142857142857143,0.0,0.12064720365810762,0.35892909014821267,0.9177828342909844
Random Forest,Germany,Attacking Midfield,28,5,23,0.08695652173913043,0.6,0.02417949540723341,0.2679640429809402,0.23071993220883708,0.8823817688407467
Random Forest,Germany,Centre-Forward,40,6,34,0.029411764705882353,0.6666666666666666,0.00521077192559663,0.1491590221634482,0.29998832134152864,0.9032306674407831
Random Forest,Italy,Centre-Forward,31,7,24,0.041666666666666664,1.0,0.007393265354805126,0.20242226248842232,0.6456611570247934,1.0
Random Forest,Netherlands,Attacking Midfield,42,9,33,0.12121212121212122,1.0,0.04816083267584231,0.2732584325026516,0.7008472464490407,1.0
Random Forest,Netherlands,Centre-Forward,41,10,31,0.06451612903225806,0.9,0.017874407775063147,0.20718988318746434,0.5958436145024278,0.9821242504842788
Random Forest,Russia,Centre-Forward,45,6,39,0.0,1.0,0.0,0.08966985360023902,0.6096569663469354,0.9999999999999999
Random Forest,Spain,Centre-Forward,55,19,36,0.05555555555555555,0.9473684210526315,0.015369663767066846,0.18144974107611211,0.7536078466345479,0.99064824750947
XGBoost,Argentina,All,61,10,51,0.0392156862745098,0.5,0.010820856268751206,0.13216548986265267,0.23658959361548731,0.7634104063845126
XGBoost,Brazil,All,103,21,82,0.06097560975609756,0.5714285714285714,0.02632356690332186,0.13492226262455276,0.3654621629703244,0.7553030051347894
XGBoost,England,All,104,23,81,0.14814814814814814,0.5217391304347826,0.08682622816663449,0.24133354251190053,0.3296242986421849,0.7076313046005427
XGBoost,France,All,142,31,111,0.04504504504504504,0.5161290322580645,0.01939147410855501,0.10113627890080745,0.34840118286973176,0.6803001396872117
XGBoost,Germany,All,98,13,85,0.047058823529411764,0.9230769230769231,0.018449962264952775,0.11483894743500761,0.6668546607175265,0.9862899336203037
XGBoost,Italy,All,80,10,70,0.02857142857142857,1.0,0.007870446893806289,0.09832443512391814,0.7224598312333834,1.0
XGBoost,Netherlands,All,121,23,98,0.09183673469387756,0.9565217391304348,0.04906865909068409,0.16539772792601637,0.7900841350594088,0.9922835330378734
XGBoost,Portugal,All,112,12,100,0.04,0.8333333333333334,0.015663050551848016,0.09837217232607373,0.5519636426153274,0.9530358523851776
XGBoost,Russia,All,118,7,111,0.0,0.8571428571428571,-3.469446951953614e-18,0.03345129291127953,0.48686549668097007,0.9743210440510253
XGBoost,Spain,All,190,27,163,0.012269938650306749,0.9629629629629629,0.0033712637819556593,0.04362900473620768,0.8171614606584348,0.9934320234669025
XGBoost,Türkiye,All,82,6,76,0.013157894736842105,1.0,0.002326420140567463,0.0708384462949749,0.6096569663469354,0.9999999999999999
XGBoost,Brazil,Centre-Forward,33,12,21,0.14285714285714285,0.6666666666666666,0.04980921798213492,0.346364941492295,0.3906175873976139,0.8618821601026385
XGBoost,England,Attacking Midfield,25,5,20,0.05,0.6,0.008881219432873136,0.23613589351256675,0.23071993220883708,0.8823817688407467
XGBoost,England,Centre-Forward,32,11,21,0.2857142857142857,0.45454545454545453,0.13813675745628204,0.49956773822837586,0.21270957543988045,0.7199122443100118
XGBoost,France,Centre-Forward,50,20,30,0.13333333333333333,0.45,0.05309569424218104,0.2968168394441695,0.25819502085709295,0.6579179916924003
XGBoost,France,Right Winger,35,7,28,0.0,0.7142857142857143,0.0,0.12064720365810762,0.35892909014821267,0.9177828342909844
XGBoost,Germany,Attacking Midfield,28,5,23,0.043478260869565216,1.0,0.0077164669621267445,0.20991586494059142,0.5655085052479191,1.0000000000000002
XGBoost,Germany,Centre-Forward,40,6,34,0.058823529411764705,0.8333333333333334,0.016282313063842452,0.1909393688946371,0.43649056343635395,0.9699474141282697
XGBoost,Italy,Centre-Forward,31,7,24,0.08333333333333333,1.0,0.023158327842973503,0.258492152014506,0.6456611570247934,1.0
XGBoost,Netherlands,Attacking Midfield,42,9,33,0.06060606060606061,1.0,0.016780530429070947,0.19606581717798194,0.7008472464490407,1.0
XGBoost,Netherlands,Centre-Forward,41,10,31,0.16129032258064516,0.9,0.07092519905439934,0.3263470272497887,0.5958436145024278,0.9821242504842788
XGBoost,Russia,Centre-Forward,45,6,39,0.0,0.8333333333333334,0.0,0.08966985360023902,0.43649056343635395,0.9699474141282697
XGBoost,Spain,Centre-Forward,55,19,36,0.05555555555555555,0.9473684210526315,0.015369663767066846,0.18144974107611211,0.7536078466345479,0.99064824750947
Logistic without valuation,Argentina,All,61,10,51,0.0196078431372549,0.7,0.003469603253442241,0.10304807675589372,0.39677321997956516,0.892210712513788
Logistic without valuation,Brazil,All,103,21,82,0.024390243902439025,0.9047619047619048,0.00671422956512354,0.08463541909007394,0.7108541613925933,0.9734817912030528
Logistic without valuation,England,All,104,23,81,0.09876543209876543,0.6086956521739131,0.05089950757441662,0.1829668975853163,0.4078517960374599,0.7784262201761787
Logistic without valuation,France,All,142,31,111,0.018018018018018018,0.5806451612903226,0.004955074866777286,0.06332680208373542,0.40765964352020967,0.7358469692645074
Logistic without valuation,Germany,All,98,13,85,0.03529411764705882,0.8461538461538461,0.012074823021218324,0.09870211030731246,0.5776482949136899,0.9567427368172621
Logistic without valuation,Italy,All,80,10,70,0.02857142857142857,1.0,0.007870446893806289,0.09832443512391814,0.7224598312333834,1.0
Logistic without valuation,Netherlands,All,121,23,98,0.07142857142857142,0.9565217391304348,0.03502800789949942,0.14016169846803606,0.7900841350594088,0.9922835330378734
Logistic without valuation,Portugal,All,112,12,100,0.01,0.9166666666666666,0.0017673865655472645,0.0544875247609346,0.6461140782014047,0.9851352905492264
Logistic without valuation,Russia,All,118,7,111,0.009009009009009009,0.8571428571428571,0.0015920445055909102,0.04927454042530521,0.48686549668097007,0.9743210440510253
Logistic without valuation,Spain,All,190,27,163,0.006134969325153374,0.9629629629629629,0.0010837669947276023,0.03392908351737489,0.8171614606584348,0.9934320234669025
Logistic without valuation,Türkiye,All,82,6,76,0.013157894736842105,1.0,0.002326420140567463,0.0708384462949749,0.6096569663469354,0.9999999999999999
Logistic without valuation,Brazil,Centre-Forward,33,12,21,0.047619047619047616,0.9166666666666666,0.008455769471923294,0.22669816586235464,0.6461140782014047,0.9851352905492264
Logistic without valuation,England,Attacking Midfield,25,5,20,0.05,0.8,0.008881219432873136,0.23613589351256675,0.3755282641185388,0.9637768390302125
Logistic without valuation,England,Centre-Forward,32,11,21,0.19047619047619047,0.45454545454545453,0.07667440615177301,0.40000986539273287,0.21270957543988045,0.7199122443100118
Logistic without valuation,France,Centre-Forward,50,20,30,0.06666666666666667,0.5,0.01847663532769335,0.21323817721072091,0.2992949144298199,0.7007050855701801
Logistic without valuation,France,Right Winger,35,7,28,0.0,0.8571428571428571,0.0,0.12064720365810762,0.48686549668097007,0.9743210440510253
Logistic without valuation,Germany,Attacking Midfield,28,5,23,0.0,1.0,-1.3877787807814457e-17,0.14312112541726274,0.5655085052479191,1.0000000000000002
Logistic without valuation,Germany,Centre-Forward,40,6,34,0.08823529411764706,0.6666666666666666,0.030465390304310128,0.22960817952360413,0.29998832134152864,0.9032306674407831
Logistic without valuation,Italy,Centre-Forward,31,7,24,0.08333333333333333,1.0,0.023158327842973503,0.258492152014506,0.6456611570247934,1.0
Logistic without valuation,Netherlands,Attacking Midfield,42,9,33,0.06060606060606061,1.0,0.016780530429070947,0.19606581717798194,0.7008472464490407,1.0
Logistic without valuation,Netherlands,Centre-Forward,41,10,31,0.16129032258064516,0.9,0.07092519905439934,0.3263470272497887,0.5958436145024278,0.9821242504842788
Logistic without valuation,Russia,Centre-Forward,45,6,39,0.02564102564102564,0.8333333333333334,0.00454058606523737,0.13181286478627147,0.43649056343635395,0.9699474141282697
Logistic without valuation,Spain,Centre-Forward,55,19,36,0.027777777777777776,0.9473684210526315,0.004920280295569679,0.141700337350308,0.7536078466345479,0.99064824750947
