threshold,model,train_positive_rate,auc,average_precision,brier,log_loss,n,positive_rate
8,Logistic,0.25238912031364863,0.7816770058854015,0.5546083208658614,0.14978499856441765,0.46059508791813103,2057,0.24355858045697618
8,Random Forest,0.25238912031364863,0.7697702281811698,0.5401635122713655,0.15198771798825841,0.468682715363796,2057,0.24355858045697618
8,XGBoost,0.25238912031364863,0.7800273489011693,0.5542453165094754,0.14961294829845428,0.46039068698883057,2057,0.24355858045697618
10,Logistic,0.1725067385444744,0.8054659839767033,0.4829390614487008,0.11240384434863025,0.361626500468744,2057,0.1648031113271755
10,Random Forest,0.1725067385444744,0.7916799736264641,0.46240654125320924,0.11571933030877656,0.3704609987325802,2057,0.1648031113271755
10,XGBoost,0.1725067385444744,0.8028286303961868,0.4714930275160042,0.11399056017398834,0.3648897111415863,2057,0.1648031113271755
15,Logistic,0.06640529282038717,0.8468364389233954,0.34304002600999056,0.04904440077163084,0.18106860365595528,2057,0.060768108896451144
15,Random Forest,0.06640529282038717,0.8302732919254658,0.3511252728488515,0.0493242344676635,0.1830924600280837,2057,0.060768108896451144
15,XGBoost,0.06640529282038717,0.8449896480331262,0.36077599528669735,0.04920738562941551,0.17938977479934692,2057,0.060768108896451144
